{
    "name": "AzureML-AutoML",
    "version": "52",
    "environmentVariables": {
        "EXAMPLE_ENV_VAR": "EXAMPLE_VALUE"
    },
    "python": {
        "userManagedDependencies": false,
        "interpreterPath": "python",
        "condaDependenciesFile": null,
        "baseCondaEnvironment": null
    },
    "docker": {
        "enabled": true,
        "baseImage": "mcr.microsoft.com/azureml/intelmpi2018.3-ubuntu16.04:20210104.v1",
        "baseDockerfile": null,
        "sharedVolumes": true,
        "shmSize": null,
        "arguments": [],
        "baseImageRegistry": {
            "address": null,
            "username": null,
            "password": null,
            "registryIdentity": null
        },
        "platform": {
            "os": "Linux",
            "architecture": "amd64"
        }
    },
    "spark": {
        "repositories": [],
        "packages": [],
        "precachePackages": true
    },
    "databricks": {
        "mavenLibraries": [],
        "pypiLibraries": [],
        "rcranLibraries": [],
        "jarLibraries": [],
        "eggLibraries": []
    },
    "r": null,
    "inferencingStackVersion": null
}